timestamp,concentration_score,gaze_score,head_pose_score,blink_detected,distraction_count,avg_ear,status,blink_rate_per_min,head_movement_intensity,gaze_stability,mouth_openness,eyebrow_raise,face_tilt,session_focus_time,session_distraction_time,total_session_blinks
2025-08-13 22:01:46,74,0.6595887665450573,0,False,0,0.2019,FOCUSED,0.0,16.866,0.994,0.482,0.039,16.87,11,0,0
2025-08-13 22:01:47,78,0.821056182384491,0,False,0,0.2229,FOCUSED,207.7,2.288,0.984,0.0,0.002,2.29,26,0,0
2025-08-13 22:01:47,87,0.8589775922894478,0.31662590718349315,False,0,0.2332,FOCUSED,300.0,0.453,0.83,0.0,0.004,0.45,40,0,0
2025-08-13 22:01:48,99,0.9344952684640884,0.5197210566149275,False,0,0.2218,FOCUSED,120.0,0.46,0.999,0.001,0.002,0.46,55,0,0
2025-08-13 22:01:48,95,0.9085511860251427,0.2995703067061045,False,0,0.2526,FOCUSED,180.0,4.45,0.999,0.007,0.018,4.45,70,0,0
2025-08-13 22:01:49,99,0.9184580045938492,0.5326439457767684,False,0,0.2458,FOCUSED,180.0,1.606,1.0,0.184,0.01,1.61,85,0,0
2025-08-13 22:01:49,99,0.9277906480431557,0.8392372366316356,False,0,0.3384,FOCUSED,120.0,1.895,0.999,0.31,0.015,1.9,100,0,0
2025-08-13 22:01:50,92,0.8619941082596778,0.11185834499843594,False,0,0.2176,FOCUSED,120.0,4.474,1.0,0.127,0.017,4.47,115,0,0
2025-08-13 22:01:50,89,0.8802175861597061,0.1736766199518135,False,0,0.2553,FOCUSED,0.0,4.297,1.0,0.151,0.017,4.3,130,0,0
2025-08-13 22:01:51,93,0.9027821201086044,0.43564053102723066,False,0,0.2941,FOCUSED,0.0,2.386,0.997,0.001,0.014,2.39,145,0,0
2025-08-13 22:01:51,100,0.9536020036041737,0.9329158111536378,False,0,0.3263,FOCUSED,0.0,1.714,0.997,0.014,0.005,1.71,160,0,0
2025-08-13 22:01:52,100,0.9535701993107796,0.9225981609856632,False,0,0.3248,FOCUSED,0.0,0.137,1.0,0.001,0.004,0.14,175,0,0
2025-08-13 22:01:52,100,0.9609745132923126,0.9429354592362602,False,0,0.3181,FOCUSED,0.0,0.594,1.0,0.001,0.001,0.59,190,0,0
2025-08-13 22:01:53,98,0.893144402205944,0.2430722657105575,False,0,0.2876,FOCUSED,0.0,4.507,0.995,0.001,0.025,4.51,205,0,0
2025-08-13 22:01:53,87,0.8888020220398902,0.2005192661487062,False,0,0.285,FOCUSED,0.0,4.861,0.999,0.002,0.027,4.86,220,0,0
2025-08-13 22:01:54,98,0.9307855400443077,0.6070880034413256,False,0,0.2809,FOCUSED,0.0,2.253,0.999,0.125,0.013,2.25,235,0,0
2025-08-13 22:01:54,100,0.9704080042243004,0.8370291645059245,False,0,0.2873,FOCUSED,0.0,1.457,0.998,0.271,0.008,1.46,250,0,0
2025-08-13 22:01:55,100,0.9586646127700806,0.7327697531774398,False,0,0.2654,FOCUSED,0.0,1.648,0.999,0.297,0.009,1.65,265,0,0
2025-08-13 22:01:55,99,0.9128884074091912,0.4223989653444693,False,0,0.2891,FOCUSED,0.0,4.187,0.998,0.002,0.018,4.19,280,0,0
2025-08-13 22:01:56,92,0.8628967610001563,0.03480701227083138,False,0,0.2504,FOCUSED,0.0,8.584,0.996,0.308,0.032,8.58,295,0,0
2025-08-13 22:01:56,84,0.8699061232805252,0.07005684420681291,False,0,0.2436,FOCUSED,0.0,8.765,0.999,0.002,0.032,8.76,310,0,0
2025-08-13 22:01:57,96,0.9437844190001488,0.5754465340377877,False,0,0.2676,FOCUSED,0.0,5.171,0.997,0.227,0.02,5.17,325,0,0
2025-08-13 22:01:57,100,0.9289871242642402,0.5774955801819375,False,0,0.2449,FOCUSED,0.0,3.821,1.0,0.192,0.015,3.82,340,0,0
2025-08-13 22:01:58,100,0.9253985252976418,0.5534520118997214,False,0,0.2562,FOCUSED,0.0,2.731,1.0,0.127,0.011,2.73,355,0,0
2025-08-13 22:01:58,99,0.9183470505475998,0.4071209744772949,False,0,0.2571,FOCUSED,0.0,3.305,0.999,0.121,0.015,3.3,370,0,0
2025-08-13 22:01:59,96,0.9336349043250084,0.5092091521633546,False,0,0.2581,FOCUSED,360.0,2.453,1.0,0.005,0.011,2.45,385,0,1
2025-08-13 22:01:59,100,0.9341128212213516,0.6129915502082489,False,0,0.2265,FOCUSED,360.0,0.663,1.0,0.001,0.004,0.66,400,0,1
2025-08-13 22:02:00,98,0.9262243059277535,0.5613358224735736,True,0,0.078,FOCUSED,240.0,1.984,1.0,0.154,0.006,1.98,415,0,2
2025-08-13 22:02:00,92,0.9138746958971024,0.46431418795890733,True,0,0.0869,FOCUSED,1140.0,2.383,1.0,0.173,0.007,2.38,430,0,4
2025-08-13 22:02:01,91,0.917011548280716,0.478430052449453,False,0,0.201,FOCUSED,1740.0,1.65,1.0,0.006,0.005,1.65,445,0,5
2025-08-13 22:02:01,100,0.9233163577318191,0.5161739891531869,False,0,0.2183,FOCUSED,840.0,1.305,1.0,0.057,0.004,1.3,460,0,5
2025-08-13 22:02:02,100,0.9178037655353546,0.47998204973207814,False,0,0.2235,FOCUSED,0.0,1.9,1.0,0.016,0.007,1.9,475,0,5
2025-08-13 22:02:02,99,0.9209912088513375,0.36592552352450214,False,0,0.2419,FOCUSED,0.0,3.311,1.0,0.0,0.015,3.31,490,0,5
2025-08-13 22:02:03,98,0.9257710349559785,0.49063501821051037,False,0,0.2423,FOCUSED,0.0,1.834,1.0,0.008,0.01,1.83,505,0,5
2025-08-13 22:02:03,99,0.962240330427885,0.3545966184056665,False,0,0.5845,FOCUSED,0.0,2.556,0.999,0.316,0.005,2.56,520,0,5
2025-08-13 22:02:04,94,0.9398094800114631,0.14681719606491883,False,0,0.583,FOCUSED,0.0,7.471,0.998,0.125,0.007,7.47,535,0,5
2025-08-13 22:02:04,91,0.9223478871583939,0.2721509601352812,False,0,0.4456,FOCUSED,0.0,12.634,0.997,0.032,0.029,12.63,550,0,5
2025-08-13 22:02:05,97,0.9683311420679093,0.5949095887987594,False,0,0.4037,FOCUSED,0.0,19.719,0.996,0.365,0.034,19.72,559,0,5
2025-08-13 22:02:05,100,0.9292228493094444,0.587607599669119,False,0,0.2639,FOCUSED,0.0,3.081,0.991,0.209,0.014,3.08,574,0,5
2025-08-13 22:02:06,100,0.9343976038694382,0.5656778997760663,False,0,0.2452,FOCUSED,0.0,0.397,1.0,0.173,0.001,0.4,589,0,5
2025-08-13 22:02:06,98,0.9410445402562618,0.25936428846048265,False,0,0.5175,FOCUSED,0.0,0.162,0.998,0.127,0.012,0.16,604,0,5
2025-08-13 22:02:07,96,0.9569014738500119,0.33062051727819697,False,0,0.5896,FOCUSED,0.0,2.769,0.999,0.144,0.018,2.77,619,0,5
2025-08-13 22:02:07,98,0.9535951827466488,0.3131917517309173,False,0,0.5327,FOCUSED,0.0,0.882,1.0,0.246,0.011,0.88,634,0,5
2025-08-13 22:02:08,96,0.950638013780117,0.2908900914948943,False,0,0.5844,FOCUSED,0.0,1.446,1.0,0.197,0.009,1.45,649,0,5
2025-08-13 22:02:08,99,0.919124699831009,0.4937349459424545,False,0,0.2758,FOCUSED,0.0,2.273,0.979,0.119,0.009,2.27,664,0,5
2025-08-13 22:02:09,97,0.9031966340541839,0.34712773318314005,False,0,0.2622,FOCUSED,0.0,5.353,1.0,0.058,0.023,5.35,679,0,5
2025-08-13 22:02:09,97,0.9363409098982811,0.6208015606809714,False,0,0.2437,FOCUSED,180.0,2.77,0.999,0.0,0.011,2.77,694,0,6
2025-08-13 22:02:10,100,0.9375858303904534,0.6608847410786399,False,0,0.2366,FOCUSED,180.0,2.757,0.999,0.004,0.005,2.76,709,0,6
2025-08-13 22:02:10,100,0.939776676595211,0.6967692955950324,False,0,0.2435,FOCUSED,0.0,2.021,0.999,0.0,0.002,2.02,724,0,6
2025-08-13 22:02:11,100,0.9514809873700142,0.5815647850505903,False,0,0.3562,FOCUSED,0.0,2.73,1.0,0.003,0.007,2.73,739,0,6
2025-08-13 22:02:11,100,0.9385240224003792,0.6847471130581084,False,0,0.313,FOCUSED,0.0,0.25,0.998,0.002,0.001,0.25,754,0,6
2025-08-13 22:02:12,98,0.8852124047279357,0.2627663850510519,False,0,0.2689,FOCUSED,0.0,2.127,0.999,0.002,0.01,2.13,769,0,6
2025-08-13 22:02:12,92,0.8823271703720093,0.24455922561859478,False,0,0.2632,FOCUSED,0.0,2.745,1.0,0.003,0.011,2.75,784,0,6
2025-08-13 22:02:13,96,0.9017856043577195,0.38128979240643235,False,0,0.2732,FOCUSED,0.0,1.389,1.0,0.003,0.007,1.39,799,0,6
2025-08-13 22:02:13,97,0.902823932170868,0.40579509495426447,False,0,0.2561,FOCUSED,0.0,2.202,1.0,0.003,0.011,2.2,814,0,6
2025-08-13 22:02:14,99,0.8951375570893287,0.3155730534737061,False,0,0.2189,FOCUSED,0.0,1.593,0.999,0.002,0.009,1.59,829,0,6
2025-08-13 22:02:14,84,0.8064279732108116,0,False,0,0.2426,FOCUSED,60.0,5.335,0.994,0.003,0.02,5.33,844,0,6
2025-08-13 22:02:15,82,0.7825377520918846,0,False,0,0.2323,FOCUSED,60.0,7.066,1.0,0.003,0.027,7.07,859,0,6
2025-08-13 22:02:15,81,0.7848844167590141,0,False,0,0.2284,FOCUSED,0.0,9.242,0.999,0.065,0.031,9.24,874,0,6
2025-08-13 22:02:16,83,0.8657183554768562,0.34522934927942905,False,0,0.2481,FOCUSED,60.0,1.783,0.988,0.083,0.005,1.78,889,0,6
2025-08-13 22:02:16,99,0.9043092992901802,0.680632390006012,False,0,0.3282,FOCUSED,60.0,0.416,0.999,0.0,0.004,0.42,904,0,6
2025-08-13 22:02:17,88,0.7774104413390159,0,False,0,0.3216,FOCUSED,0.0,6.438,0.988,0.0,0.022,6.44,919,0,6
2025-08-13 22:02:17,82,0.8090975669026375,0,False,0,0.3181,FOCUSED,0.0,4.637,0.999,0.002,0.019,4.64,934,0,6
2025-08-13 22:02:18,82,0.755560031235218,0,False,0,0.4459,FOCUSED,0.0,7.057,0.994,0.006,0.023,7.06,949,0,6
2025-08-13 22:02:18,80,0.729578862786293,0,False,0,0.6996,FOCUSED,0.0,9.519,1.0,0.015,0.03,9.52,964,0,6
2025-08-13 22:02:19,81,0.8125513982772827,0,False,0,0.313,FOCUSED,0.0,1.667,0.994,0.007,0.012,1.67,979,0,6
2025-08-13 22:02:19,85,0.873985621035099,0.12735617095860197,False,0,0.2428,FOCUSED,0.0,1.001,0.999,0.001,0.005,1.0,994,0,6
2025-08-13 22:02:20,88,0.8934769916534424,0.28111230586609603,True,0,0.1693,FOCUSED,420.0,1.391,1.0,0.002,0.008,1.39,1009,0,6
2025-08-13 22:02:20,88,0.8970939683914185,0.25697737216058514,False,0,0.206,FOCUSED,960.0,2.001,1.0,0.0,0.009,2.0,1024,0,6
2025-08-13 22:02:21,87,0.8275523763895034,0,False,0,0.2713,FOCUSED,540.0,4.624,0.998,0.0,0.017,4.62,1039,0,6
2025-08-13 22:02:21,83,0.816300420165062,0,False,0,0.2771,FOCUSED,0.0,2.711,0.999,0.001,0.013,2.71,1054,0,6
2025-08-13 22:02:22,83,0.8393525671958924,0.05445738078863804,False,0,0.2186,FOCUSED,0.0,2.537,0.999,0.003,0.009,2.54,1069,0,6
2025-08-13 22:02:22,99,0.9450192552804947,0.49798578976218144,False,0,0.4005,FOCUSED,0.0,0.598,0.999,0.002,0.0,0.6,1084,0,6
2025-08-13 22:02:23,100,0.9433396112918854,0.4973002988082672,False,0,0.3306,FOCUSED,0.0,0.526,1.0,0.001,0.001,0.53,1099,0,6
2025-08-13 22:02:23,100,0.966721513569355,0.46228320830595326,False,0,0.7558,FOCUSED,0.0,15.326,0.997,0.0,0.012,15.33,1114,0,6
2025-08-13 22:02:25,100,0.8988604497909546,0.6493668762567067,False,0,0.3312,FOCUSED,0.0,9.212,0.986,0.001,0.023,9.21,1133,0,6
2025-08-13 22:02:26,97,0.8734890860319138,0.37185496709334187,False,0,0.307,FOCUSED,0.0,7.855,1.0,0.004,0.021,7.86,1148,0,6
2025-08-13 22:02:26,94,0.8665899124741554,0.2434108840078959,False,0,0.2886,FOCUSED,0.0,4.916,1.0,0.001,0.015,4.92,1163,0,6
2025-08-13 22:02:27,94,0.9677588847279548,0.7278279164750432,False,0,0.428,FOCUSED,180.0,0.572,0.98,0.247,0.01,0.57,1178,0,7
2025-08-13 22:02:28,99,0.88229038387537,0.4185364999438054,False,0,0.2653,FOCUSED,180.0,8.022,0.996,0.185,0.025,8.02,1192,0,7
2025-08-13 22:02:29,87,0.7880999517440797,0,False,0,0.2255,FOCUSED,0.0,2.331,0.981,0.001,0.011,2.33,1207,0,7
2025-08-13 22:02:29,81,0.7720432820916177,0,False,0,0.221,FOCUSED,0.0,1.905,0.999,0.032,0.009,1.91,1222,0,7
2025-08-13 22:02:30,86,0.929159812927246,0.4228382369687673,False,0,0.2148,FOCUSED,240.0,1.479,0.986,0.006,0.01,1.48,1237,0,7
2025-08-13 22:02:30,99,0.9708246241509915,0.7245396306314977,False,0,0.2034,FOCUSED,300.0,5.805,0.997,0.001,0.02,5.81,1252,0,7
2025-08-13 22:02:31,99,0.9085718224942685,0.5227266839471527,False,0,0.243,FOCUSED,480.0,3.944,0.996,0.029,0.014,3.94,1267,0,8
2025-08-13 22:02:31,100,0.9779072594642639,0.8193608471819828,False,0,0.2209,FOCUSED,420.0,4.89,0.996,0.286,0.01,4.89,1282,0,8
2025-08-13 22:02:32,100,0.9878559294342995,0.9378771277027074,False,0,0.2386,FOCUSED,0.0,2.164,0.999,0.228,0.002,2.16,1297,0,8
2025-08-13 22:02:32,100,0.9743226404488087,0.8262056649994166,False,0,0.2521,FOCUSED,0.0,0.116,1.0,0.168,0.004,0.12,1312,0,8
2025-08-13 22:02:33,100,0.9750770953297615,0.8664979284680193,False,0,0.2269,FOCUSED,0.0,1.484,1.0,0.069,0.008,1.48,1327,0,8
2025-08-13 22:02:33,100,0.9716306154429912,0.8486409298330486,False,0,0.218,FOCUSED,120.0,0.841,1.0,0.01,0.002,0.84,1342,0,8
2025-08-13 22:02:34,100,0.9507141840457916,0.7458302907272394,True,0,0.1463,FOCUSED,180.0,0.167,1.0,0.001,0.003,0.17,1357,0,9
2025-08-13 22:02:34,100,0.9734231804311275,0.7870559306733091,False,0,0.2497,FOCUSED,180.0,2.534,0.999,0.001,0.011,2.53,1372,0,9
2025-08-13 22:02:35,96,0.92344797372818,0.26011406163894324,False,0,0.3627,FOCUSED,120.0,6.546,1.0,0.004,0.023,6.55,1387,0,9
2025-08-13 22:02:35,94,0.9207761806249619,0.28618701862399143,False,0,0.3469,FOCUSED,0.0,6.688,1.0,0.003,0.022,6.69,1402,0,9
2025-08-13 22:02:36,94,0.9169448998570442,0.2531468762949406,False,0,0.4068,FOCUSED,0.0,7.021,1.0,0.005,0.023,7.02,1417,0,9
2025-08-13 22:02:36,94,0.916466787159443,0.26548242955522805,False,0,0.446,FOCUSED,0.0,7.063,1.0,0.001,0.023,7.06,1432,0,9
2025-08-13 22:02:37,96,0.9402537566423417,0.46012079395277306,False,0,0.371,FOCUSED,0.0,6.807,0.999,0.004,0.024,6.81,1447,0,9
2025-08-13 22:02:37,100,0.9589010392129421,0.6067824722918442,False,0,0.3191,FOCUSED,0.0,7.397,1.0,0.001,0.026,7.4,1462,0,9
2025-08-13 22:02:38,100,0.9378514026105405,0.6672867851695855,False,0,0.284,FOCUSED,0.0,2.477,0.997,0.004,0.013,2.48,1477,0,9
2025-08-13 22:02:38,99,0.922630528062582,0.5223528521653211,False,0,0.2598,FOCUSED,0.0,0.442,1.0,0.003,0.004,0.44,1492,0,9
2025-08-13 22:02:39,100,0.9475387458503246,0.5128027206347203,False,0,0.2898,FOCUSED,0.0,2.984,0.996,0.006,0.004,2.98,1507,0,9
2025-08-13 22:02:39,97,0.9169114750623704,0.32218972452638617,False,0,0.3467,FOCUSED,0.0,0.337,1.0,0.001,0.003,0.34,1522,0,9
2025-08-13 22:02:40,91,0.8418490645289421,0.009151951530446678,False,0,0.2815,FOCUSED,0.0,3.042,0.993,0.005,0.016,3.04,1537,0,9
2025-08-13 22:02:40,84,0.875433589220047,0.09807182350334753,True,0,0.1211,FOCUSED,180.0,1.073,1.0,0.001,0.003,1.07,1552,0,10
2025-08-13 22:02:41,89,0.8781586241722107,0.08497938960537776,False,0,0.2684,FOCUSED,180.0,2.374,0.999,0.001,0.014,2.37,1567,0,10
2025-08-13 22:02:41,84,0.8910208222270012,0.1874547031149565,False,0,0.2381,FOCUSED,240.0,2.343,0.998,0.002,0.013,2.34,1582,0,11
2025-08-13 22:02:42,96,0.9156712462007999,0.39526098036317725,False,0,0.2637,FOCUSED,240.0,1.36,0.999,0.003,0.006,1.36,1597,0,11
2025-08-13 22:02:42,96,0.9059259113669396,0.3025727447547889,False,0,0.2844,FOCUSED,0.0,1.345,1.0,0.004,0.009,1.35,1612,0,11
2025-08-13 22:02:43,98,0.9310178425908089,0.4866974588649937,False,0,0.2752,FOCUSED,0.0,1.658,1.0,0.004,0.011,1.66,1627,0,11
2025-08-13 22:02:43,100,0.9256060120463372,0.46213032383265684,False,0,0.2815,FOCUSED,0.0,2.282,1.0,0.003,0.013,2.28,1642,0,11
2025-08-13 22:02:44,100,0.9332958069443702,0.5178918605127298,False,0,0.2774,FOCUSED,0.0,2.269,1.0,0.001,0.012,2.27,1657,0,11
2025-08-13 22:02:44,99,0.9211976003646851,0.4320092826330554,False,0,0.2717,FOCUSED,0.0,3.221,1.0,0.002,0.015,3.22,1672,0,11
2025-08-13 22:02:45,99,0.92534328520298,0.48085588510927946,False,0,0.2702,FOCUSED,0.0,3.04,1.0,0.0,0.014,3.04,1687,0,11
2025-08-13 22:02:45,99,0.9142070573568344,0.4023602306399966,False,0,0.2687,FOCUSED,0.0,4.847,1.0,0.002,0.021,4.85,1702,0,11
2025-08-13 22:02:46,99,0.9273875084519386,0.4934376079125238,False,0,0.2819,FOCUSED,0.0,3.508,1.0,0.035,0.014,3.51,1717,0,11
2025-08-13 22:02:46,100,0.9391013991832733,0.5645675737930954,False,0,0.2622,FOCUSED,0.0,0.273,1.0,0.172,0.003,0.27,1732,0,11
2025-08-13 22:02:47,97,0.7930027830600739,0.02908214525928765,False,0,0.2603,FOCUSED,0.0,0.023,0.938,0.001,0.001,0.02,1747,0,11
2025-08-13 22:02:47,81,0.7969295012950897,0.015291627415839448,False,0,0.261,FOCUSED,0.0,1.073,0.985,0.008,0.008,1.07,1762,0,11
2025-08-13 22:02:48,83,0.8040922331809998,0.06731355196683197,False,0,0.2722,FOCUSED,0.0,1.306,0.999,0.001,0.008,1.31,1777,0,11
2025-08-13 22:02:48,87,0.8133690732717513,0.1668983304137156,False,0,0.2887,FOCUSED,0.0,0.234,1.0,0.004,0.005,0.23,1792,0,11
2025-08-13 22:02:49,88,0.8144540268182754,0.17241612925013683,False,0,0.2876,FOCUSED,0.0,0.325,1.0,0.002,0.006,0.33,1807,0,11
2025-08-13 22:02:49,88,0.8180835786461831,0.20392768675665462,False,0,0.2887,FOCUSED,0.0,0.539,1.0,0.002,0.005,0.54,1822,0,11
2025-08-13 22:02:50,97,0.898922309577465,0.6414903932062328,False,0,0.2692,FOCUSED,0.0,3.11,0.997,0.0,0.01,3.11,1837,0,11
2025-08-13 22:02:50,86,0.6592247038334609,0,False,0,0.2313,FOCUSED,0.0,13.885,0.95,0.0,0.051,13.89,1852,0,11
2025-08-13 22:02:51,74,0.5856857494637371,0,False,0,0.2405,FOCUSED,0.0,18.482,0.996,0.002,0.084,18.48,1867,0,11
2025-08-13 22:02:51,73,0.5849279337748885,0,False,0,0.2231,FOCUSED,0.0,19.016,1.0,0.003,0.084,19.02,1882,0,11
2025-08-13 22:02:52,72,0.5211388805601747,0,False,0,0.3358,FOCUSED,0.0,10.291,0.991,0.009,0.054,10.29,1897,0,11
2025-08-13 22:02:52,74,0.6856866437196731,0,False,0,0.3666,FOCUSED,0.0,19.045,0.963,0.006,0.044,19.04,1912,0,11
2025-08-13 22:02:56,84,0.7792750093340874,0.10156158202689258,False,0,0.2744,FOCUSED,0.0,10.795,0.992,0.002,0.039,10.8,1930,0,11
2025-08-13 22:02:56,84,0.7806942376494408,0.10696622043777737,False,0,0.2878,FOCUSED,0.0,10.861,1.0,0.007,0.039,10.86,1945,0,11
2025-08-13 22:02:57,84,0.7789427417516708,0.09287794877849542,False,0,0.3014,FOCUSED,0.0,10.359,1.0,0.008,0.037,10.36,1960,0,11
2025-08-13 22:02:57,83,0.7865497502684593,0.14403655337187793,True,0,0.1792,FOCUSED,60.0,8.494,1.0,0.009,0.031,8.49,1975,0,11
2025-08-13 22:03:01,86,0.8072612184286118,0.18655668526234814,False,0,0.3344,FOCUSED,120.0,6.054,0.996,0.06,0.017,6.05,1995,0,11
2025-08-13 22:03:01,87,0.7970703932642937,0.19755555782779333,False,0,0.2904,FOCUSED,0.0,9.631,1.0,0.005,0.031,9.63,2010,0,11
2025-08-13 22:03:02,87,0.7924691396951675,0.1844444576624955,False,0,0.2896,FOCUSED,0.0,12.372,1.0,0.006,0.041,12.37,2025,0,11
2025-08-13 22:03:02,86,0.7923112693428993,0.16850416488190556,False,0,0.297,FOCUSED,0.0,11.956,1.0,0.008,0.041,11.96,2040,0,11
2025-08-13 22:03:03,87,0.7974907580018044,0.18363687605159285,False,0,0.3062,FOCUSED,0.0,10.447,1.0,0.008,0.035,10.45,2055,0,11
2025-08-13 22:03:03,88,0.8028955298662186,0.20092044443595947,False,0,0.2879,FOCUSED,0.0,9.039,1.0,0.006,0.029,9.04,2070,0,11
2025-08-13 22:03:04,88,0.8244045394659043,0.1978630492348068,False,0,0.2469,FOCUSED,0.0,8.156,1.0,0.003,0.023,8.16,2085,0,11
2025-08-13 22:03:04,87,0.847253428697586,0.07504701815359671,False,0,0.6311,FOCUSED,0.0,11.074,1.0,0.004,0.014,11.07,2100,0,11
2025-08-13 22:03:05,86,0.8480471614003181,0.07951971290814563,False,0,0.5929,FOCUSED,0.0,11.28,1.0,0.004,0.014,11.28,2115,0,11
2025-08-13 22:03:05,85,0.8601333874464034,0,False,0,0.4776,FOCUSED,0.0,17.386,0.999,0.051,0.022,17.39,2130,0,11
2025-08-13 22:03:06,84,0.8554964336752892,0,False,0,0.8579,FOCUSED,0.0,18.861,1.0,0.059,0.017,18.86,2145,0,11
2025-08-13 22:03:06,84,0.8471375527977943,0,False,0,0.7232,FOCUSED,0.0,20.784,1.0,0.033,0.024,20.78,2160,0,11
2025-08-13 22:03:07,84,0.8429626564681529,0,False,0,0.6582,FOCUSED,0.0,19.539,1.0,0.056,0.022,19.54,2175,0,11
2025-08-13 22:03:07,83,0.8481600354611873,0,False,0,0.7252,FOCUSED,0.0,19.57,1.0,0.026,0.023,19.57,2190,0,11
2025-08-13 22:03:08,84,0.8542673605680465,0,False,0,0.8158,FOCUSED,0.0,14.364,1.0,0.023,0.017,14.36,2205,0,11
2025-08-13 22:03:09,84,0.8192257615923881,0.07990704935041537,False,0,0.3272,FOCUSED,0.0,16.542,1.0,0.002,0.039,16.54,2225,0,11
2025-08-13 22:03:09,84,0.8172486069798469,0.06207424843409415,False,0,0.3227,FOCUSED,0.0,17.574,1.0,0.001,0.039,17.57,2240,0,11
2025-08-13 22:03:10,87,0.8353186267614364,0.20913266854362011,False,0,0.2969,FOCUSED,0.0,8.267,0.997,0.182,0.023,8.27,2255,0,11
2025-08-13 22:03:10,89,0.8050536486506462,0.20548761293315676,False,0,0.2894,FOCUSED,0.0,8.107,1.0,0.089,0.029,8.11,2270,0,11
2025-08-13 22:03:11,88,0.806241134107113,0.21537746628787313,False,0,0.2855,FOCUSED,0.0,9.645,1.0,0.004,0.035,9.64,2285,0,11
2025-08-13 22:03:11,85,0.8028417560458183,0.12908642999655429,False,0,0.2417,FOCUSED,0.0,9.682,0.999,0.163,0.035,9.68,2300,0,11
2025-08-13 22:03:12,91,0.8475365537405014,0.38974940974668526,False,0,0.269,FOCUSED,0.0,5.677,0.998,0.216,0.024,5.68,2315,0,11
2025-08-13 22:03:12,99,0.8826796609163284,0.5756625408723468,False,0,0.2694,FOCUSED,0.0,3.061,0.999,0.006,0.014,3.06,2330,0,11
2025-08-13 22:03:13,100,0.9094724881649017,0.6290200124057359,False,0,0.267,FOCUSED,0.0,1.717,1.0,0.11,0.008,1.72,2345,0,11
2025-08-13 22:03:13,100,0.9024157482385635,0.5640135831589222,False,0,0.2916,FOCUSED,0.0,0.904,1.0,0.0,0.005,0.9,2360,0,11
2025-08-13 22:03:14,100,0.9102531629800796,0.5574537696291123,False,0,0.2855,FOCUSED,0.0,0.765,1.0,0.13,0.001,0.76,2375,0,11
2025-08-13 22:03:14,100,0.9198884780704975,0.6182742139137982,False,0,0.2764,FOCUSED,0.0,0.66,1.0,0.018,0.002,0.66,2390,0,11
2025-08-13 22:03:15,100,0.9124524357914925,0.6097711934665639,False,0,0.2857,FOCUSED,0.0,0.043,1.0,0.004,0.003,0.04,2405,0,11
2025-08-13 22:03:15,100,0.8989181432127953,0.6593337612773302,False,0,0.3086,FOCUSED,0.0,0.704,0.999,0.001,0.005,0.7,2420,0,11
2025-08-13 22:03:16,95,0.8129574435949325,0.1678327167899244,False,0,0.2786,FOCUSED,0.0,2.785,0.996,0.001,0.014,2.79,2435,0,11
2025-08-13 22:03:16,85,0.8025895121693611,0.09402248087571408,False,0,0.2803,FOCUSED,0.0,3.506,1.0,0.001,0.018,3.51,2450,0,11
2025-08-13 22:03:17,86,0.8275550174713135,0.14943840031432198,False,0,0.2723,FOCUSED,0.0,1.715,0.999,0.004,0.008,1.72,2465,0,11
2025-08-13 22:03:17,92,0.898004585057497,0.40672759561774907,False,0,0.2684,FOCUSED,0.0,1.95,0.998,0.015,0.006,1.95,2480,0,11
2025-08-13 22:03:18,99,0.9126234713196755,0.5509105458893645,False,0,0.2705,FOCUSED,0.0,5.033,0.999,0.004,0.01,5.03,2495,0,11
2025-08-13 22:03:18,100,0.9126092287898064,0.5482873394014766,False,0,0.279,FOCUSED,0.0,0.592,0.999,0.146,0.001,0.59,2510,0,11
2025-08-13 22:03:19,99,0.9031615498661996,0.4329876110307538,False,0,0.2741,FOCUSED,0.0,0.354,1.0,0.203,0.001,0.35,2525,0,11
2025-08-13 22:03:19,96,0.8814497205615044,0.34989356894594925,False,0,0.2611,FOCUSED,0.0,0.222,1.0,0.002,0.002,0.22,2540,0,11
2025-08-13 22:03:20,97,0.8940010595321655,0.37730166442948687,False,0,0.2622,FOCUSED,0.0,0.701,1.0,0.0,0.005,0.7,2555,0,11
2025-08-13 22:03:20,96,0.8928905355930328,0.35740277697093714,False,0,0.2501,FOCUSED,0.0,1.342,1.0,0.001,0.007,1.34,2570,0,11
2025-08-13 22:03:21,97,0.8759076307713985,0.3033013088054317,False,0,0.3078,FOCUSED,0.0,1.753,0.995,0.0,0.004,1.75,2585,0,11
2025-08-13 22:03:21,95,0.8915936383605003,0.38311999677701825,False,0,0.2753,FOCUSED,0.0,2.605,0.999,0.001,0.006,2.6,2600,0,11
2025-08-13 22:03:22,99,0.9102797213196754,0.5160442741751264,False,0,0.2891,FOCUSED,0.0,0.751,0.999,0.003,0.003,0.75,2615,0,11
2025-08-13 22:03:22,94,0.8496767643094063,0.18448262551604377,False,0,0.3099,FOCUSED,0.0,3.023,0.998,0.0,0.012,3.02,2630,0,11
2025-08-13 22:03:23,90,0.8539895865321159,0.22889467468947933,False,0,0.3352,FOCUSED,0.0,2.839,1.0,0.002,0.012,2.84,2645,0,11
2025-08-13 22:03:23,91,0.8585407185554504,0.2506662687109117,False,0,0.3321,FOCUSED,0.0,2.298,1.0,0.001,0.011,2.3,2660,0,11
2025-08-13 22:03:24,94,0.8832407388091088,0.380325482265112,False,0,0.3141,FOCUSED,0.0,1.578,0.999,0.0,0.007,1.58,2675,0,11
2025-08-13 22:03:24,97,0.88557691603899,0.40828852755390366,False,0,0.2952,FOCUSED,0.0,2.026,1.0,0.0,0.008,2.03,2690,0,11
2025-08-13 22:03:25,98,0.8910040083527565,0.4425756722104348,False,0,0.3031,FOCUSED,0.0,1.884,1.0,0.0,0.008,1.88,2705,0,11
2025-08-13 22:03:25,99,0.8949368152022361,0.47219030910247817,False,0,0.2853,FOCUSED,0.0,2.207,1.0,0.001,0.008,2.21,2720,0,11
2025-08-13 22:03:26,100,0.8988185863196849,0.49142262104405376,False,0,0.2788,FOCUSED,0.0,1.653,1.0,0.001,0.007,1.65,2735,0,11
2025-08-13 22:03:26,100,0.8984051573276519,0.4864887133418243,False,0,0.2584,FOCUSED,0.0,1.712,1.0,0.001,0.007,1.71,2750,0,11
2025-08-13 22:03:27,98,0.8968201461434364,0.4847148984994948,False,0,0.276,FOCUSED,120.0,2.023,1.0,0.0,0.008,2.02,2765,0,11
2025-08-13 22:03:27,100,0.8977716620266438,0.49691141611433143,False,0,0.286,FOCUSED,120.0,2.153,1.0,0.0,0.008,2.15,2780,0,11
2025-08-13 22:03:28,100,0.8995224583148956,0.5049163525836866,False,0,0.2822,FOCUSED,0.0,2.173,1.0,0.001,0.009,2.17,2795,0,11
2025-08-13 22:03:28,100,0.9002691920101642,0.5087332674860916,False,0,0.2898,FOCUSED,0.0,2.166,1.0,0.0,0.009,2.17,2810,0,11
2025-08-13 22:03:29,100,0.8998234468698502,0.5064511068063198,False,0,0.2922,FOCUSED,0.0,2.245,1.0,0.001,0.009,2.25,2825,0,11
2025-08-13 22:03:29,98,0.9034340265393257,0.5263176663263337,False,0,0.2475,FOCUSED,120.0,2.32,1.0,0.001,0.009,2.32,2840,0,11
2025-08-13 22:03:30,100,0.9037540431320668,0.5273941845700703,False,0,0.2877,FOCUSED,120.0,2.084,1.0,0.001,0.008,2.08,2855,0,11
2025-08-13 22:03:30,98,0.9028067941963673,0.5198280335732139,False,0,0.2941,FOCUSED,180.0,2.416,1.0,0.001,0.009,2.42,2870,0,12
2025-08-13 22:03:31,100,0.899366279989481,0.49608675689508686,False,0,0.2915,FOCUSED,180.0,2.695,1.0,0.001,0.01,2.7,2885,0,12
2025-08-13 22:03:31,99,0.891014473438263,0.46104142460092234,False,0,0.2941,FOCUSED,0.0,2.443,1.0,0.0,0.008,2.44,2900,0,12
2025-08-13 22:03:32,99,0.8942045341432094,0.48175825547944406,False,0,0.282,FOCUSED,0.0,0.101,1.0,0.002,0.002,0.1,2915,0,12
2025-08-13 22:03:32,99,0.8861512351036072,0.4467943302537072,False,0,0.2705,FOCUSED,0.0,2.996,1.0,0.001,0.011,3.0,2930,0,12
2025-08-13 22:03:33,99,0.9058778385818005,0.5305521467713081,False,0,0.2788,FOCUSED,0.0,1.528,1.0,0.001,0.006,1.53,2945,0,12
2025-08-13 22:03:33,100,0.920425717830658,0.535513151366307,False,0,0.2802,FOCUSED,0.0,0.797,1.0,0.001,0.004,0.8,2960,0,12
2025-08-13 22:03:34,100,0.9203268918395042,0.5272298087599341,False,0,0.2606,FOCUSED,0.0,2.274,1.0,0.001,0.008,2.27,2975,0,12
2025-08-13 22:03:34,100,0.9188357803225518,0.5241325371748392,False,0,0.2809,FOCUSED,0.0,1.38,1.0,0.0,0.005,1.38,2990,0,12
2025-08-13 22:03:35,89,0.8234880733489991,0,False,0,0.5201,FOCUSED,60.0,2.761,0.997,0.004,0.007,2.76,3005,0,12
2025-08-13 22:03:35,85,0.8846292267739773,0.2799591232710319,False,0,0.2845,FOCUSED,60.0,1.231,0.996,0.001,0.003,1.23,3020,0,12
2025-08-13 22:03:36,99,0.8887611809372902,0.47104435301187697,False,0,0.2657,FOCUSED,0.0,1.524,0.998,0.002,0.007,1.52,3035,0,12
2025-08-13 22:03:36,98,0.8894957128167152,0.4773128479874569,False,0,0.2743,FOCUSED,0.0,4.54,1.0,0.001,0.015,4.54,3050,0,12
2025-08-13 22:03:37,100,0.8935475896298886,0.49922587643718286,False,0,0.2645,FOCUSED,0.0,4.316,1.0,0.001,0.013,4.32,3065,0,12
2025-08-13 22:03:37,100,0.8929098251461982,0.49382548549318017,False,0,0.2361,FOCUSED,0.0,4.557,1.0,0.001,0.014,4.56,3080,0,12
2025-08-13 22:03:38,99,0.8914780239760876,0.33352169741128546,False,0,0.2886,FOCUSED,0.0,1.733,0.995,0.002,0.0,1.73,3095,0,12
2025-08-13 22:03:38,86,0.8278853337466716,0,False,0,0.5354,FOCUSED,0.0,1.756,0.999,0.001,0.006,1.76,3110,0,12
2025-08-13 22:03:39,83,0.8242211903631687,0,False,0,0.5322,FOCUSED,0.0,3.067,1.0,0.002,0.006,3.07,3125,0,12
2025-08-13 22:03:39,92,0.9103122878074645,0.4746976524535046,False,0,0.2637,FOCUSED,0.0,2.441,0.994,0.001,0.007,2.44,3140,0,12
2025-08-13 22:03:40,97,0.8561703073978424,0.3051823995040087,False,0,0.233,FOCUSED,0.0,5.756,0.998,0.002,0.017,5.76,3155,0,12
2025-08-13 22:03:40,93,0.9093159320950508,0.5180513757180589,False,0,0.2048,FOCUSED,420.0,3.763,0.997,0.002,0.01,3.76,3170,0,13
2025-08-13 22:03:41,99,0.8939165297150612,0.3876602567690651,False,0,0.2641,FOCUSED,420.0,2.158,0.999,0.002,0.006,2.16,3185,0,13
2025-08-13 22:03:41,98,0.9169346551597118,0.5371059829784655,False,0,0.2744,FOCUSED,0.0,1.761,0.999,0.0,0.006,1.76,3200,0,13
2025-08-13 22:03:42,99,0.8763941812515259,0.39293824048163506,False,0,0.2515,FOCUSED,0.0,1.203,0.997,0.002,0.005,1.2,3215,0,13
2025-08-13 22:03:42,94,0.8744064050912856,0.3950528651653894,False,0,0.2833,FOCUSED,0.0,4.662,1.0,0.002,0.014,4.66,3230,0,13
2025-08-13 22:03:43,99,0.8934312868118286,0.5291273138817163,False,0,0.2748,FOCUSED,0.0,2.978,1.0,0.003,0.01,2.98,3245,0,13
2025-08-13 22:03:43,100,0.8873249116539955,0.480963669487686,False,0,0.2961,FOCUSED,0.0,3.62,1.0,0.002,0.012,3.62,3260,0,13
2025-08-13 22:03:44,99,0.8878072041273117,0.5023310156698905,False,0,0.2774,FOCUSED,0.0,4.572,1.0,0.002,0.013,4.57,3275,0,13
2025-08-13 22:03:44,99,0.8852127480506897,0.48464998798046965,False,0,0.2635,FOCUSED,0.0,4.264,1.0,0.002,0.012,4.26,3290,0,13
2025-08-13 22:03:45,99,0.8823727804422379,0.47446112360592707,False,0,0.2704,FOCUSED,0.0,5.247,1.0,0.002,0.015,5.25,3305,0,13
2025-08-13 22:03:45,99,0.8796088445186615,0.451606471029969,False,0,0.2752,FOCUSED,0.0,6.731,1.0,0.005,0.019,6.73,3320,0,13
2025-08-13 22:03:46,98,0.8787362861633301,0.4410767729435806,False,0,0.2737,FOCUSED,0.0,7.471,1.0,0.002,0.021,7.47,3335,0,13
2025-08-13 22:03:46,98,0.8787661436200143,0.4353884252216268,False,0,0.2719,FOCUSED,0.0,7.401,1.0,0.001,0.02,7.4,3350,0,13
2025-08-13 22:03:47,98,0.8774832832813263,0.4289469499712196,False,0,0.3007,FOCUSED,0.0,7.422,1.0,0.001,0.021,7.42,3365,0,13
2025-08-13 22:03:47,98,0.8798949110507965,0.4432977444865003,False,0,0.2715,FOCUSED,0.0,5.727,1.0,0.002,0.016,5.73,3380,0,13
2025-08-13 22:03:48,99,0.9106285604834556,0.533781091340575,False,0,0.2803,FOCUSED,0.0,18.189,0.999,0.0,0.045,18.19,3395,0,13
2025-08-13 22:03:48,100,0.9155063967406749,0.5525517554761512,False,0,0.2907,FOCUSED,0.0,20.04,1.0,0.001,0.05,20.04,3410,0,13
2025-08-13 22:03:49,100,0.9137117843329907,0.5501982822580067,False,0,0.2932,FOCUSED,0.0,17.555,1.0,0.003,0.044,17.55,3425,0,13
2025-08-13 22:03:49,100,0.8831320467591286,0.5169090897547276,False,0,0.2931,FOCUSED,0.0,17.686,0.999,0.006,0.047,17.69,3440,0,13
2025-08-13 22:03:50,97,0.8615086856484413,0.41104452027691807,False,0,0.2768,FOCUSED,0.0,30.38,1.0,0.002,0.078,30.38,3455,0,13
2025-08-13 22:03:50,94,0.8565107825398446,0.372953326346925,False,0,0.2674,FOCUSED,0.0,23.726,0.999,0.211,0.061,23.73,3470,0,13
2025-08-13 22:03:51,94,0.8620225790143012,0.2939126399303519,False,0,0.2412,FOCUSED,0.0,2.315,0.999,0.295,0.009,2.32,3485,0,13
2025-08-13 22:03:51,96,0.8772826629877091,0.4480149869894573,False,0,0.2623,FOCUSED,0.0,2.064,0.999,0.021,0.007,2.06,3500,0,13
2025-08-13 22:03:52,99,0.8687586206197739,0.4494727495677395,False,0,0.2939,FOCUSED,0.0,1.581,0.996,0.001,0.008,1.58,3515,0,13
2025-08-13 22:03:52,89,0.8326954486966133,0.143428245605437,False,0,0.2789,FOCUSED,0.0,2.095,1.0,0.201,0.009,2.09,3530,0,13
2025-08-13 22:03:53,87,0.8336299280822277,0.033675250770740406,False,0,0.4242,FOCUSED,180.0,2.553,0.986,0.205,0.012,2.55,3545,0,13
2025-08-13 22:03:53,83,0.8187592516839504,0,False,0,0.5371,FOCUSED,180.0,2.616,1.0,0.048,0.007,2.62,3560,0,13
2025-08-13 22:03:54,83,0.855409621745348,0.0848732501603815,False,0,0.3288,FOCUSED,0.0,1.266,0.998,0.04,0.006,1.27,3575,0,13
2025-08-13 22:03:54,89,0.7965254354476929,0.009045559030784744,False,0,0.2426,FOCUSED,0.0,6.572,0.995,0.003,0.024,6.57,3590,0,13
2025-08-13 22:03:55,82,0.7987685176730156,0.010624790538357076,False,0,0.2682,FOCUSED,0.0,2.846,1.0,0.001,0.011,2.85,3605,0,13
2025-08-13 22:03:55,86,0.8284166324138642,0.20041680623744074,False,0,0.2844,FOCUSED,0.0,0.275,0.999,0.0,0.003,0.28,3620,0,13
2025-08-13 22:03:56,90,0.8399679633975029,0.2628384041591808,False,0,0.2591,FOCUSED,0.0,0.177,0.999,0.001,0.001,0.18,3635,0,13
2025-08-13 22:03:56,96,0.8681763979792595,0.3819819480842731,False,0,0.2522,FOCUSED,0.0,1.517,1.0,0.003,0.004,1.52,3650,0,13
2025-08-13 22:03:57,96,0.8668999972939491,0.2082829880301974,False,0,0.3412,FOCUSED,120.0,4.285,0.995,0.003,0.007,4.28,3665,0,14
2025-08-13 22:03:57,83,0.7949429969489574,0,False,0,0.5716,FOCUSED,120.0,3.649,0.999,0.044,0.014,3.65,3680,0,14
2025-08-13 22:03:58,82,0.8112693618237972,0,False,0,0.3239,FOCUSED,120.0,3.755,0.998,0.001,0.001,3.76,3690,0,14
2025-08-13 22:03:58,91,0.8606200988590718,0.2598173430410351,False,0,0.298,FOCUSED,0.0,6.183,0.999,0.002,0.019,6.18,3705,0,14
2025-08-13 22:03:59,92,0.8564613382518291,0.26740219607453164,False,0,0.278,FOCUSED,0.0,6.201,1.0,0.002,0.022,6.2,3720,0,14
2025-08-13 22:03:59,92,0.8594877372682095,0.27716061283796334,False,0,0.2581,FOCUSED,0.0,6.465,1.0,0.002,0.023,6.47,3735,0,14
2025-08-13 22:04:00,93,0.8636438983678818,0.30235984602037436,False,0,0.2602,FOCUSED,0.0,6.224,1.0,0.0,0.022,6.22,3750,0,14
2025-08-13 22:04:00,93,0.8670963148772717,0.30904757729974164,False,0,0.2623,FOCUSED,0.0,5.93,1.0,0.002,0.02,5.93,3765,0,14
2025-08-13 22:04:01,93,0.8658814552426338,0.3208787524069343,False,0,0.2601,FOCUSED,60.0,6.315,1.0,0.001,0.02,6.31,3780,0,14
2025-08-13 22:04:01,94,0.8676811929047108,0.3178204005411196,False,0,0.2628,FOCUSED,60.0,6.688,1.0,0.001,0.021,6.69,3795,0,14
2025-08-13 22:04:02,94,0.8699936303496361,0.34981770202975526,False,0,0.2623,FOCUSED,0.0,6.293,1.0,0.0,0.021,6.29,3810,0,14
2025-08-13 22:04:02,95,0.8668745163083076,0.3546216002860638,False,0,0.2582,FOCUSED,0.0,6.703,1.0,0.315,0.021,6.7,3825,0,14
2025-08-13 22:04:03,95,0.861978090107441,0.3801902420442179,False,0,0.2587,FOCUSED,0.0,6.262,1.0,0.15,0.022,6.26,3840,0,14
2025-08-13 22:04:03,90,0.8766870561242104,0.41204267141436335,True,0,0.1981,FOCUSED,540.0,4.733,1.0,0.175,0.017,4.73,3855,0,15
2025-08-13 22:04:04,98,0.8820934663712978,0.4556432309088666,False,0,0.2257,FOCUSED,600.0,4.686,1.0,0.004,0.016,4.69,3870,0,15
2025-08-13 22:04:04,93,0.8851185868680478,0.527574659411187,False,0,0.2228,FOCUSED,660.0,4.721,1.0,0.118,0.016,4.72,3885,0,16
2025-08-13 22:04:05,100,0.8991189736127854,0.6163441514184292,False,0,0.2341,FOCUSED,600.0,4.487,1.0,0.003,0.015,4.49,3900,0,16
2025-08-13 22:04:05,100,0.8956781174242496,0.5967479620624927,False,0,0.2184,FOCUSED,0.0,5.475,1.0,0.005,0.018,5.48,3915,0,16
2025-08-13 22:04:06,100,0.8957519116997719,0.5949490838337514,False,0,0.2179,FOCUSED,0.0,5.946,1.0,0.109,0.02,5.95,3930,0,16
2025-08-13 22:04:06,100,0.896208629310131,0.5821997216257524,False,0,0.2341,FOCUSED,0.0,5.986,1.0,0.101,0.02,5.99,3945,0,16
2025-08-13 22:04:07,100,0.8922728608548641,0.5687293553175293,False,0,0.2239,FOCUSED,0.0,6.307,1.0,0.128,0.021,6.31,3960,0,16
2025-08-13 22:04:07,100,0.8913726913928985,0.5543566724436592,False,0,0.232,FOCUSED,0.0,6.442,1.0,0.183,0.021,6.44,3975,0,16
2025-08-13 22:04:08,99,0.8799982811510563,0.47352667323434283,False,0,0.233,FOCUSED,0.0,7.15,1.0,0.152,0.023,7.15,3990,0,16
2025-08-13 22:04:08,99,0.9046209397912026,0.5209041873739642,False,0,0.2163,FOCUSED,0.0,7.454,1.0,0.16,0.022,7.45,4005,0,16
2025-08-13 22:04:09,94,0.8490557971596717,0.16406383049433004,False,0,0.2829,FOCUSED,120.0,1.702,0.998,0.166,0.003,1.7,4020,0,16
2025-08-13 22:04:09,85,0.805967962294817,0,False,0,0.4285,FOCUSED,120.0,0.686,0.999,0.046,0.004,0.69,4035,0,16
2025-08-13 22:04:10,82,0.818843573629856,0,False,0,0.5025,FOCUSED,0.0,1.539,0.999,0.241,0.006,1.54,4050,0,16
2025-08-13 22:04:10,83,0.8241155157983303,0,False,0,0.4269,FOCUSED,0.0,9.82,0.997,0.226,0.015,9.82,4065,0,16
2025-08-13 22:04:11,90,0.8774196165800094,0.2348894908943866,False,0,0.3055,FOCUSED,0.0,25.288,1.0,0.011,0.042,25.29,4081,0,16
2025-08-13 22:04:12,91,0.8793637688457966,0.21075330307178675,False,0,0.2616,FOCUSED,0.0,4.508,0.997,0.294,0.01,4.51,4096,0,16
2025-08-13 22:04:12,92,0.8643436598777772,0.31966425056355474,False,0,0.2644,FOCUSED,0.0,3.55,1.0,0.234,0.01,3.55,4111,0,16
2025-08-13 22:04:13,92,0.8398598457872868,0.1608946604507433,False,0,0.2727,FOCUSED,0.0,2.526,0.995,0.016,0.008,2.53,4126,0,16
2025-08-13 22:04:13,81,0.7316115359961987,0,False,0,0.2174,FOCUSED,60.0,3.189,0.994,0.17,0.019,3.19,4141,0,16
2025-08-13 22:04:14,79,0.7837773296236992,0.027017178031650824,True,0,0.1962,FOCUSED,180.0,3.267,0.994,0.147,0.011,3.27,4156,0,16
2025-08-13 22:04:14,82,0.8076252456009387,0.21504852598960889,False,0,0.2727,FOCUSED,300.0,1.52,0.999,0.059,0.009,1.52,4171,0,16
2025-08-13 22:04:15,97,0.9271145480871201,0.7525208881199704,False,0,0.2426,FOCUSED,180.0,1.126,0.957,0.056,0.004,1.13,4186,0,16
2025-08-13 22:04:15,92,0.9142526169121266,0.30439503219313857,False,0,0.2292,FOCUSED,0.0,0.253,0.992,0.004,0.0,0.25,4201,0,16
2025-08-13 22:04:16,96,0.8888832983374595,0.34372429167619145,False,0,0.2652,FOCUSED,0.0,3.059,0.999,0.001,0.016,3.06,4216,0,16
2025-08-13 22:04:16,98,0.9788025262951852,0.9179933221024509,False,0,0.2975,FOCUSED,0.0,1.234,0.978,0.008,0.009,1.23,4231,0,16
2025-08-13 22:04:17,97,0.8667621697485447,0.2774701239984908,False,0,0.2914,FOCUSED,0.0,0.182,0.996,0.002,0.004,0.18,4246,0,16
2025-08-13 22:04:17,99,0.9586718189716339,0.7551584625996486,False,0,0.2696,FOCUSED,0.0,1.115,0.999,0.002,0.007,1.12,4261,0,16
2025-08-13 22:04:18,100,0.9623145493865013,0.7726652464637169,False,0,0.2796,FOCUSED,0.0,1.556,1.0,0.001,0.008,1.56,4276,0,16
2025-08-13 22:04:18,100,0.9635091650485992,0.8410133335606014,False,0,0.2789,FOCUSED,0.0,1.787,1.0,0.0,0.011,1.79,4291,0,16
2025-08-13 22:04:19,100,0.9627613481879234,0.6407947219054985,False,0,0.269,FOCUSED,0.0,2.247,0.999,0.001,0.011,2.25,4306,0,16
2025-08-13 22:04:19,100,0.95221355676651,0.57316119876786,False,0,0.2618,FOCUSED,0.0,3.173,1.0,0.0,0.015,3.17,4321,0,16
2025-08-13 22:04:20,100,0.9414456275105476,0.5432865062996728,False,0,0.2516,FOCUSED,0.0,6.395,1.0,0.002,0.03,6.4,4336,0,16
2025-08-13 22:04:20,99,0.909955760538578,0.3936958367678042,False,0,0.2752,FOCUSED,0.0,9.576,1.0,0.003,0.043,9.58,4351,0,16
2025-08-13 22:04:21,98,0.9210702133178711,0.4611976303081182,False,0,0.266,FOCUSED,0.0,6.382,1.0,0.002,0.028,6.38,4366,0,16
2025-08-13 22:04:21,100,0.9271003310382366,0.5050140085930204,False,0,0.2716,FOCUSED,0.0,5.851,1.0,0.003,0.024,5.85,4381,0,16
2025-08-13 22:04:22,100,0.9247753453254699,0.5007539292030945,False,0,0.2541,FOCUSED,0.0,5.658,1.0,0.003,0.024,5.66,4396,0,16
2025-08-13 22:04:22,100,0.924211276769638,0.4645373831887337,False,0,0.2722,FOCUSED,0.0,4.739,1.0,0.005,0.022,4.74,4411,0,16
2025-08-13 22:04:23,100,0.9245680150389671,0.4654529735837617,False,0,0.2448,FOCUSED,0.0,5.115,1.0,0.004,0.024,5.12,4426,0,16
2025-08-13 22:04:24,99,0.9221371334791184,0.44166361927447706,False,0,0.264,FOCUSED,0.0,5.608,1.0,0.001,0.025,5.61,4441,0,16
2025-08-13 22:04:24,99,0.9144114238023757,0.41926889990909777,False,0,0.2243,FOCUSED,0.0,6.153,1.0,0.001,0.027,6.15,4456,0,16
2025-08-13 22:04:25,97,0.9164881487190724,0.40301272487199935,True,0,0.1902,FOCUSED,60.0,5.387,1.0,0.0,0.022,5.39,4471,0,16
2025-08-13 22:04:25,97,0.907529867887497,0.40875659984837176,False,0,0.2373,FOCUSED,300.0,1.637,0.998,0.003,0.006,1.64,4486,0,16
2025-08-13 22:04:26,95,0.9125266981124878,0.38376304877474265,False,0,0.2398,FOCUSED,240.0,0.016,0.999,0.004,0.002,0.02,4501,0,16
2025-08-13 22:04:26,99,0.9337124255299568,0.4683204458948469,False,0,0.2554,FOCUSED,0.0,0.147,1.0,0.001,0.002,0.15,4516,0,16
2025-08-13 22:04:27,99,0.930116121917963,0.3806708002406829,False,0,0.2778,FOCUSED,0.0,1.447,1.0,0.003,0.006,1.45,4531,0,16
2025-08-13 22:04:27,97,0.9250810903310775,0.3421776069418877,False,0,0.2684,FOCUSED,0.0,1.131,1.0,0.003,0.005,1.13,4546,0,16
2025-08-13 22:04:28,97,0.9259329442679882,0.3818079025830141,False,0,0.2704,FOCUSED,0.0,1.108,1.0,0.009,0.003,1.11,4561,0,16
2025-08-13 22:04:28,99,0.9298954543471336,0.462961217472017,False,0,0.2524,FOCUSED,0.0,0.357,1.0,0.001,0.001,0.36,4576,0,16
2025-08-13 22:04:28,100,0.9306651321053505,0.47965216310502956,False,0,0.2487,FOCUSED,0.0,0.664,1.0,0.005,0.005,0.66,4591,0,16
2025-08-13 22:04:29,100,0.9284488674998284,0.44836404537619223,False,0,0.2558,FOCUSED,0.0,0.05,1.0,0.002,0.001,0.05,4606,0,16
2025-08-13 22:04:30,100,0.929066305309534,0.4426855032680451,False,0,0.2498,FOCUSED,0.0,0.325,1.0,0.004,0.0,0.33,4621,0,16
2025-08-13 22:04:30,100,0.9296878133714199,0.44213097977064053,False,0,0.2516,FOCUSED,0.0,0.744,1.0,0.003,0.002,0.74,4636,0,16
2025-08-13 22:04:31,100,0.9330883984267712,0.47148646259221105,False,0,0.2586,FOCUSED,0.0,1.179,1.0,0.003,0.003,1.18,4651,0,16
2025-08-13 22:04:31,100,0.9370435547828675,0.4849461808427956,False,0,0.2642,FOCUSED,0.0,1.152,1.0,0.007,0.002,1.15,4666,0,16
2025-08-13 22:04:32,100,0.9405301962792874,0.5037417997286286,False,0,0.2727,FOCUSED,0.0,1.21,1.0,0.002,0.002,1.21,4681,0,16
2025-08-13 22:04:32,100,0.9358326804637909,0.49171336091570816,False,0,0.239,FOCUSED,0.0,0.937,1.0,0.002,0.002,0.94,4696,0,16
2025-08-13 22:04:33,100,0.9335941781103612,0.47846480580600337,False,0,0.229,FOCUSED,0.0,0.684,1.0,0.003,0.001,0.68,4711,0,16
2025-08-13 22:04:33,100,0.9352637146413326,0.4783888682438575,False,0,0.2378,FOCUSED,0.0,0.659,1.0,0.0,0.001,0.66,4726,0,16
2025-08-13 22:04:34,100,0.934389830827713,0.4798644815031776,False,0,0.2453,FOCUSED,0.0,0.919,1.0,0.006,0.002,0.92,4741,0,16
2025-08-13 22:04:34,100,0.9340187628567218,0.48073346937464334,False,0,0.2482,FOCUSED,0.0,1.007,1.0,0.009,0.003,1.01,4756,0,16
2025-08-13 22:04:34,100,0.9350035247206687,0.48499728980641477,False,0,0.2529,FOCUSED,0.0,1.084,1.0,0.007,0.003,1.08,4771,0,16
2025-08-13 22:04:35,100,0.9332164180278778,0.43718109644053216,False,0,0.2594,FOCUSED,0.0,0.877,1.0,0.003,0.001,0.88,4786,0,16
2025-08-13 22:04:36,100,0.9296495538949967,0.4367484883642401,False,0,0.2574,FOCUSED,0.0,1.057,1.0,0.003,0.002,1.06,4801,0,16
2025-08-13 22:04:36,99,0.9270506654679775,0.4171563890265617,False,0,0.2577,FOCUSED,0.0,0.812,1.0,0.002,0.001,0.81,4816,0,16
2025-08-13 22:04:36,99,0.9237119053304195,0.41485768538962053,False,0,0.2424,FOCUSED,0.0,0.528,1.0,0.0,0.0,0.53,4831,0,16
2025-08-13 22:04:37,99,0.9260189716517926,0.442642740632459,False,0,0.2545,FOCUSED,0.0,0.254,1.0,0.007,0.001,0.25,4846,0,16
2025-08-13 22:04:38,100,0.9207897906005382,0.433083182920582,False,0,0.2335,FOCUSED,0.0,0.341,1.0,0.008,0.001,0.34,4861,0,16
2025-08-13 22:04:38,100,0.9264287595450877,0.4434931459174447,False,0,0.2692,FOCUSED,0.0,0.549,1.0,0.011,0.001,0.55,4876,0,16
2025-08-13 22:04:39,100,0.9254832629859447,0.4342497659846598,False,0,0.2755,FOCUSED,0.0,0.66,1.0,0.014,0.001,0.66,4891,0,16
2025-08-13 22:04:39,100,0.9320174169540405,0.4489051223167305,False,0,0.291,FOCUSED,0.0,0.296,1.0,0.013,0.002,0.3,4906,0,16
2025-08-13 22:04:40,100,0.9349971589446068,0.4772879766848772,False,0,0.2736,FOCUSED,0.0,0.488,1.0,0.009,0.002,0.49,4921,0,16
2025-08-13 22:04:40,100,0.9405718711018562,0.49529271253535545,False,0,0.2769,FOCUSED,0.0,0.72,1.0,0.004,0.001,0.72,4936,0,16
2025-08-13 22:04:41,100,0.9371148478984832,0.48408012383999977,False,0,0.2717,FOCUSED,0.0,0.957,1.0,0.005,0.0,0.96,4951,0,16
2025-08-13 22:04:41,100,0.9359455098211765,0.49286527022953475,False,0,0.2365,FOCUSED,0.0,1.037,1.0,0.004,0.002,1.04,4966,0,16
2025-08-13 22:04:42,100,0.93669043302536,0.49665508361616995,False,0,0.2367,FOCUSED,0.0,1.144,1.0,0.004,0.003,1.14,4981,0,16
2025-08-13 22:04:42,100,0.9421681028604507,0.49746116277351404,False,0,0.2422,FOCUSED,0.0,1.343,1.0,0.006,0.004,1.34,4996,0,16
2025-08-13 22:04:43,100,0.946388455927372,0.5154623686924396,False,0,0.2453,FOCUSED,0.0,1.714,1.0,0.004,0.005,1.71,5011,0,16
2025-08-13 22:04:43,100,0.9510766667127609,0.5256463670931778,False,0,0.242,FOCUSED,0.0,1.706,1.0,0.003,0.005,1.71,5026,0,16
2025-08-13 22:04:44,100,0.9557103928923607,0.48884462045212607,False,0,0.273,FOCUSED,0.0,1.662,1.0,0.0,0.007,1.66,5041,0,16
2025-08-13 22:04:44,100,0.951494764983654,0.47735090262867597,False,0,0.2753,FOCUSED,0.0,2.012,1.0,0.002,0.008,2.01,5056,0,16
2025-08-13 22:04:45,100,0.948758093714714,0.501446503592929,False,0,0.2956,FOCUSED,0.0,1.778,1.0,0.006,0.007,1.78,5071,0,16
2025-08-13 22:04:45,100,0.9435592193901539,0.5037566727743132,False,0,0.2396,FOCUSED,0.0,2.353,1.0,0.004,0.007,2.35,5086,0,16
2025-08-13 22:04:46,100,0.9471300330758095,0.5160720561980274,False,0,0.2342,FOCUSED,0.0,2.673,1.0,0.006,0.009,2.67,5101,0,16
2025-08-13 22:04:46,100,0.9455691125988961,0.4972236141909657,False,0,0.2437,FOCUSED,0.0,2.72,1.0,0.004,0.009,2.72,5116,0,16
2025-08-13 22:04:47,100,0.9458072078227997,0.4999625654021249,False,0,0.2483,FOCUSED,0.0,2.787,1.0,0.006,0.01,2.79,5131,0,16
2025-08-13 22:04:47,100,0.9480044242739678,0.503489109638499,False,0,0.2913,FOCUSED,0.0,2.709,1.0,0.005,0.009,2.71,5146,0,16
2025-08-13 22:04:48,100,0.9433698844909668,0.5096562893659281,False,0,0.2873,FOCUSED,0.0,2.885,1.0,0.005,0.01,2.89,5161,0,16
2025-08-13 22:04:48,100,0.9432646636664868,0.5055645552488728,False,0,0.2437,FOCUSED,0.0,3.06,1.0,0.005,0.011,3.06,5176,0,16
2025-08-13 22:04:49,100,0.9542366755008698,0.5018036072226464,False,0,0.2803,FOCUSED,0.0,2.209,1.0,0.004,0.008,2.21,5191,0,16
2025-08-13 22:04:49,100,0.9536438044905662,0.47591566132395,False,0,0.2617,FOCUSED,0.0,2.662,1.0,0.001,0.01,2.66,5206,0,16
2025-08-13 22:04:50,100,0.9517620247602463,0.47207646048444785,False,0,0.2703,FOCUSED,0.0,2.832,1.0,0.002,0.012,2.83,5221,0,16
2025-08-13 22:04:50,100,0.9560026441514492,0.4743012598999642,False,0,0.266,FOCUSED,0.0,3.078,1.0,0.001,0.012,3.08,5236,0,16
2025-08-13 22:04:51,100,0.9491163608431816,0.49780875775526745,False,0,0.2531,FOCUSED,0.0,3.385,1.0,0.004,0.012,3.38,5251,0,16
2025-08-13 22:04:51,100,0.9490923796594143,0.4906339948927976,False,0,0.2312,FOCUSED,0.0,3.124,1.0,0.002,0.012,3.12,5266,0,16
2025-08-13 22:04:52,100,0.9483881053328513,0.47713668611992877,False,0,0.2617,FOCUSED,0.0,3.443,1.0,0.002,0.013,3.44,5281,0,16
2025-08-13 22:04:52,100,0.9396910560131073,0.49494784666893077,False,0,0.2174,FOCUSED,0.0,6.028,0.997,0.001,0.022,6.03,5296,0,16
2025-08-13 22:04:53,100,0.9538881067931653,0.5160099517258617,False,0,0.2437,FOCUSED,0.0,5.279,0.999,0.004,0.02,5.28,5311,0,16
2025-08-13 22:04:53,100,0.9540829961001873,0.4510460479906153,False,0,0.2833,FOCUSED,0.0,4.668,1.0,0.009,0.018,4.67,5326,0,16
2025-08-13 22:04:54,96,0.9458138127624989,0.4268792775947289,False,0,0.2519,FOCUSED,360.0,4.248,1.0,0.009,0.019,4.25,5341,0,16
2025-08-13 22:04:54,99,0.9459833462536336,0.4156686285979868,False,0,0.2553,FOCUSED,360.0,4.18,1.0,0.008,0.019,4.18,5356,0,16
2025-08-13 22:04:55,99,0.9420839038491249,0.41136772184180037,False,0,0.2595,FOCUSED,0.0,4.235,1.0,0.001,0.02,4.24,5371,0,16
2025-08-13 22:04:55,100,0.9647003170847892,0.5585753899987852,False,0,0.2303,FOCUSED,0.0,2.438,0.999,0.004,0.007,2.44,5386,0,16
2025-08-13 22:04:56,100,0.957381087243557,0.575713695503052,False,0,0.224,FOCUSED,0.0,0.993,1.0,0.001,0.003,0.99,5401,0,16
2025-08-13 22:04:56,99,0.9542428423464298,0.5217139864294126,False,0,0.239,FOCUSED,60.0,4.217,0.999,0.002,0.015,4.22,5416,0,16
2025-08-13 22:04:57,100,0.94446114346385,0.44939606356473605,False,0,0.258,FOCUSED,60.0,2.812,1.0,0.007,0.012,2.81,5431,0,16
2025-08-13 22:04:57,100,0.9612501469254493,0.4555492017360596,False,0,0.3087,FOCUSED,0.0,2.578,1.0,0.001,0.009,2.58,5446,0,16
2025-08-13 22:04:58,100,0.9631166738271713,0.4934028542043646,False,0,0.3065,FOCUSED,0.0,2.705,1.0,0.003,0.01,2.7,5461,0,16
2025-08-13 22:04:58,100,0.9600764390826225,0.517720827805664,False,0,0.2914,FOCUSED,0.0,2.467,1.0,0.007,0.008,2.47,5476,0,16
2025-08-13 22:04:59,100,0.9577426221966743,0.46679032709423984,False,0,0.2896,FOCUSED,0.0,2.175,1.0,0.131,0.008,2.18,5491,0,16
2025-08-13 22:04:59,100,0.9566471789777279,0.5005341333515165,False,0,0.2965,FOCUSED,0.0,1.373,1.0,0.195,0.004,1.37,5506,0,16
2025-08-13 22:05:00,100,0.9509412106871604,0.5041957620306211,False,0,0.2733,FOCUSED,0.0,1.407,1.0,0.068,0.003,1.41,5521,0,16
2025-08-13 22:05:00,100,0.9522463937103749,0.49499528292106687,False,0,0.2825,FOCUSED,0.0,2.126,1.0,0.028,0.007,2.13,5536,0,16
2025-08-13 22:05:01,100,0.9508863595128059,0.48578696256073506,False,0,0.2903,FOCUSED,0.0,1.879,1.0,0.01,0.007,1.88,5551,0,16
2025-08-13 22:05:02,100,0.9487377737462521,0.4743445161307174,False,0,0.2876,FOCUSED,0.0,2.25,1.0,0.007,0.008,2.25,5566,0,16
2025-08-13 22:05:02,100,0.9451946963369846,0.47089522345023693,False,0,0.2613,FOCUSED,0.0,2.505,1.0,0.005,0.009,2.51,5581,0,16
2025-08-13 22:05:03,100,0.9474723589420319,0.4646473160552972,False,0,0.2586,FOCUSED,0.0,2.767,1.0,0.005,0.01,2.77,5596,0,16
2025-08-13 22:05:03,100,0.9316200163960457,0.4339088703673717,False,0,0.2165,FOCUSED,0.0,3.961,0.998,0.183,0.018,3.96,5611,0,16
2025-08-13 22:05:04,98,0.9570601609349251,0.5162934463131936,False,0,0.2036,FOCUSED,60.0,0.557,0.995,0.157,0.003,0.56,5626,0,16
2025-08-13 22:05:04,99,0.9423016992211342,0.40143870736202925,False,0,0.262,FOCUSED,60.0,1.392,0.999,0.014,0.009,1.39,5641,0,16
2025-08-13 22:05:05,93,0.8781980928778649,0.08086261134889017,False,0,0.2485,FOCUSED,60.0,2.79,0.998,0.112,0.015,2.79,5656,0,16
2025-08-13 22:05:05,84,0.8614679571986199,0,False,0,0.2258,FOCUSED,120.0,3.097,1.0,0.006,0.018,3.1,5671,0,16
2025-08-13 22:05:06,84,0.8684538733959198,0,False,0,0.2304,FOCUSED,60.0,3.911,1.0,0.005,0.02,3.91,5686,0,16
2025-08-13 22:05:06,85,0.8731559154391288,0.0007457285559303584,False,0,0.2243,FOCUSED,0.0,3.182,1.0,0.003,0.017,3.18,5701,0,16
2025-08-13 22:05:07,87,0.8891206268966199,0.15180729699287476,False,0,0.285,FOCUSED,0.0,2.303,1.0,0.002,0.016,2.3,5716,0,16
2025-08-13 22:05:07,93,0.9079221275448799,0.2873160830465926,False,0,0.292,FOCUSED,0.0,1.338,1.0,0.01,0.01,1.34,5731,0,16
2025-08-13 22:05:08,96,0.9171331998705864,0.34375064253643095,False,0,0.3051,FOCUSED,0.0,1.444,1.0,0.008,0.011,1.44,5746,0,16
2025-08-13 22:05:08,98,0.9273065169155598,0.3978613995986695,False,0,0.2923,FOCUSED,0.0,0.879,1.0,0.007,0.008,0.88,5761,0,16
2025-08-13 22:05:09,99,0.9493098442256451,0.5246844297362729,False,0,0.3146,FOCUSED,0.0,0.183,1.0,0.003,0.003,0.18,5776,0,16
2025-08-13 22:05:09,100,0.9304508325457572,0.4538795382904758,False,0,0.2327,FOCUSED,0.0,0.924,1.0,0.003,0.006,0.92,5791,0,16
